{
  "manifest.json": 1607736527663,
  "controller/App.controller.js": 1607633279000,
  "model/models.js": 1607633279000,
  "i18n/i18n.properties": 1607633279000,
  "Component.js": 1607633279000,
  "manifest-bundle.zip": 1607736527502,
  "Component-preload.js": 1607736527643,
  "model/models-dbg.js": 1607633279000,
  "controller/App-dbg.controller.js": 1607633279000,
  "Component-dbg.js": 1607633279000,
  "resources.json": 1607736527665,
  "view/App.view.xml": 1607733528547,
  "css/style.css": 1607633279000,
  "index.html": 1607633279000
}